<?xml version="1.0" encoding="UTF-8"?>

<price_list version="7.2" xmlns:xsi="http://www.w3.org/2001/XMLSchema-instance" xsi:noNamespaceSchemaLocation="price_list.xsd">
  <deal customization_flag="optional" ondemand_billing="no"> 
    <deal_name>Poste SIM Promo Dummy, Deal [Postpaid]</deal_name>  
    <description>Poste SIM Promo Dummy, Deal [Postpaid]</description>  
    <permitted>/service/telco/Postpaid</permitted>  
    <deal_product status="active"> 
      <product_name>Poste SIM Promo Dummy, Product [Postpaid]</product_name>  
      <quantity>1.0</quantity>  
      <purchase_end unit="day">1</purchase_end>  
      <purchase_discount>0.0</purchase_discount>  
      <cycle_end unit="day">1</cycle_end>  
      <cycle_discount>0.0</cycle_discount>  
      <usage_end unit="day">1</usage_end>  
      <usage_discount>0.0</usage_discount> 
    </deal_product> 
  </deal>
</price_list>
